t;x;y;angv;ang;angrad
0;1124;135;96.3702787969759;83.6297212030241;1.45961398751768
0.0625;1120;135;96.7310437206455;83.2689562793545;1.45331745177394
0.129167;1118;136;96.9221603847088;83.0778396152912;1.44998183673061
0.154167;1114;137;97.2941963085408;82.7058036914592;1.44348858492404
0.1875;1113;137;97.3843735478784;82.6156264521216;1.44191469518724
0.229167;1108;139;97.8595373831566;82.1404626168434;1.43362152177523
0.254167;1104;139;98.2202102233838;81.7797897766162;1.42732659319075
0.2875;1101;141;98.5172301083069;81.4827698916931;1.42214261825495
0.325;1095;142;99.072254846834;80.927745153166;1.41245560913763
0.3625;1091;145;99.477380231204;80.522619768796;1.40538483729696
0.4;1083;146;100.214784586004;79.7852154139959;1.39251470338716
0.420834;1078;147;100.681517597488;79.3184824025122;1.38436867560902
0.458334;1071;150;101.363934135234;78.6360658647664;1.3724582601553
0.4875;1066;152;101.8507827984;78.1492172015998;1.36396114802411
0.508334;1059;155;102.538801740014;77.4611982599865;1.35195295217687
0.533334;1054;156;103.00842633118;76.9915736688202;1.34375645681268
0.566667;1045;159;103.879636885419;76.1203631145808;1.32855096416308
0.591667;1038;161;104.550996387175;75.4490036128252;1.3168335303929
0.625;1029;164;105.425231503041;74.5747684969586;1.30157524918447
0.654167;1021;167;106.212122276008;73.7878777239918;1.28784141434264
0.675;1013;169;106.973638732041;73.0263612679592;1.27455044487675
0.708334;1001;173;108.142625953693;71.8573740463065;1.25414776894517
0.733334;990;177;109.224580320446;70.7754196795537;1.235264102889
0.7625;978;181;110.393765311246;69.6062346887536;1.21485797523464
0.795834;965;188;111.749760660636;68.2502393393636;1.19119139174605
0.841667;945;197;113.783469690209;66.2165303097912;1.15569647315248
0.866667;934;202;114.904768808095;65.0952311919048;1.13612611164565
0.9;915;211;116.855469006036;63.1445309939635;1.10207997047227
0.933334;900;220;118.476972458452;61.5230275415485;1.07377939639517
0.954167;889;226;119.641168213191;60.3588317868095;1.05346034733724
0.9875;869;239;121.857434373081;58.1425656269194;1.01477920574663
1.0125;858;247;123.121521844099;56.878478155901;0.992716717344144
1.029167;848;255;124.311416284115;55.6885837158852;0.971949141614696
1.054167;832;266;126.123415071155;53.8765849288452;0.940323796738703
1.079167;814;277;128.078882361565;51.921117638435;0.906194454105993
1.108334;794;294;130.52053954765;49.4794604523503;0.863579497003835
1.129167;780;306;132.236142629087;47.7638573709126;0.833636574575387
1.154167;763;322;134.407986608031;45.5920133919687;0.795730746303202
1.170834;754;335;135.859041892458;44.1409581075423;0.770405053961498
1.183334;745;345;137.116202249623;42.8837977503765;0.748463466503408
1.2;733;354;138.490125987679;41.5098740123207;0.724483973603025
1.208334;724;362;139.600095666263;40.3999043337367;0.705111348114432
1.225;713;375;141.180755381659;38.8192446183407;0.677523631727135
1.2375;706;387;142.459789076199;37.5402109238012;0.655200282513474
1.254167;695;403;144.267291941757;35.7327080582428;0.623653406270247
1.2625;686;411;145.357664441679;34.6423355583212;0.604622816073413
1.270834;683;417;145.974873255411;34.0251267445889;0.593850490101456
1.279167;676;426;147.030596096538;32.9694039034621;0.575424650535284
1.2875;670;434;147.955319281266;32.0446807187342;0.559285186292255
1.308334;656;455;150.28953746915;29.7104625308503;0.518545393453745
1.325;647;475;152.314898871028;27.6851011289716;0.483196168448153
1.329167;644;479;152.772120496031;27.2278795039693;0.475216145680546
1.345834;635;501;154.971885256961;25.0281147430394;0.436823007832972
1.35;632;504;155.341340412692;24.6586595873076;0.430374798926983
1.3625;625;522;157.130341880855;22.8696581191455;0.399150832984542
1.366667;621;531;158.043597800156;21.9564021998442;0.383211510279408
1.379167;616;547;159.596192211714;20.4038077882857;0.356113625849647
1.383334;612;553;160.246455334249;19.7535446657506;0.34476439335711
1.4;606;576;162.44645517366;17.5535448263398;0.306367152616047
1.404167;602;580;162.910874017281;17.0891259827189;0.298261514686556
1.416667;593;601;165.003332454104;14.9966675458957;0.261741225502859
1.420834;589;607;165.629998484821;14.3700015151793;0.250803839956452
1.433334;589;627;167.421064762507;12.578935237493;0.219543836289388
1.4375;586;634;168.111341960372;11.888658039628;0.207496226435202
1.45;582;655;170.082838607508;9.91716139249212;0.173087118750653
1.454167;581;661;170.643809043067;9.35619095693303;0.1632963376438
1.466667;577;682;172.612265610186;7.38773438981431;0.128940289365074
1.470834;577;690;173.344048043763;6.65595195623737;0.1161682764909
1.483334;575;713;175.473907993336;4.52609200666421;0.0789952077644877
1.4875;576;720;176.112090439167;3.88790956083304;0.0678568228563033
1.5;573;743;178.247535725655;1.75246427434539;0.0305862716109002
1.504167;572;750;178.894752298724;1.10524770127634;0.0192902114373709
1.508334;572;759;179.723655939392;0.276344060608238;0.00482311372594452
